date_release,title,day_release,month_release,year_release,runtime,imdb score,genre1,genre2,language1,language2
October 4 2020,David Attenborough: A Life on Our Planet,Sunday,October,2020,83,9,Documentary,,English,
December 8 2020,Emicida: AmarElo - It's All For Yesterday,Tuesday,December,2020,89,8.6,Documentary,,Portuguese,
December 16 2018,Springsteen on Broadway,Sunday,December,2018,153,8.5,Musical,,English,
October 9 2015,Winter on Fire: Ukraine's Fight for Freedom,Friday,October,2015,91,8.4,Documentary,,English,Russian
December 31 2018,Taylor Swift: Reputation Stadium Tour,Monday,December,2018,125,8.4,Documentary,,English,
May 20 2020,Ben Platt: Live from Radio City Music Hall,Wednesday,May,2020,85,8.4,Documentary,,English,
November 24 2017,Cuba and the Cameraman,Friday,November,2017,114,8.3,Documentary,,English,
October 23 2019,Dancing with the Birds,Wednesday,October,2019,51,8.3,Documentary,,English,
October 7 2016,13th,Friday,October,2016,100,8.2,Documentary,,English,
November 15 2019,Klaus,Friday,November,2019,97,8.2,Animation,,English,
June 19 2020,Disclosure: Trans Lives on Screen,Friday,June,2020,107,8.2,Documentary,,English,
October 14 2020,The Three Deaths of Marisela Escobedo,Wednesday,October,2020,109,8.2,Documentary,,Spanish,
March 24 2021,Seaspiracy,Wednesday,March,2021,89,8.2,Documentary,,English,
July 14 2017,Chasing Coral,Friday,July,2017,89,8.1,Documentary,,English,
August 26 2020,Rising Phoenix,Wednesday,August,2020,106,8.1,Documentary,,English,
September 7 2020,My Octopus Teacher,Monday,September,2020,85,8.1,Documentary,,English,
December 21 2018,Struggle: The Life and Lost Art of Szukaiski,Friday,December,2018,105,8,Documentary,,English,
November 4 2016,The Ivory Game,Friday,November,2016,112,7.9,Documentary,,English,
August 4 2017,Icarus,Friday,August,2017,120,7.9,Documentary,,English,
December 6 2019,Marriage Story,Friday,December,2019,136,7.9,Drama,,English,
April 29 2020,A Secret Love,Wednesday,April,2020,82,7.9,Documentary,,English,
November 27 2019,The Irishman,Wednesday,November,2019,209,7.8,Drama,,English,
October 16 2020,The Trial of the Chicago 7,Friday,October,2020,130,7.8,Drama,,English,
October 16 2015,Beasts of No Nation,Friday,October,2015,136,7.7,Drama,War,English,
October 12 2016,Justin Timberlake + The Tennessee Kids,Wednesday,October,2016,90,7.7,Documentary,,English,
November 17 2017,"Jim & Andy: The Great Beyond - Featuring a Very Special, Contractually Obligated Mention of Tony Cliffton ",Friday,November,2017,94,7.7,Documentary,,English,
December 14 2018,Roma,Friday,December,2018,135,7.7,Drama,,Spanish,
April 19 2019,Brene Brown: The Call to Courage,Friday,April,2019,76,7.7,Documentary,,English,
February 11 2020,Road to Roma,Tuesday,February,2020,72,7.7,Documentary,,Spanish,
March 25 2020,Crip Camp: A Disability Revolution,Wednesday,March,2020,108,7.7,Documentary,,English,
June 26 2015,"What Happened, Miss Simone?",Friday,June,2015,84,7.6,Documentary,,English,
July 27 2018,The Bleeding Edge,Friday,July,2018,100,7.6,Documentary,,English,
September 21 2018,Quincy,Friday,September,2018,124,7.6,Documentary,,English,
June 12 2019,Rolling Thunder Revue: A bob Dylan Story by Martin Scorsere,Wednesday,June,2019,144,7.6,Documentary,,English,
October 18 2019,Tell Me Who I Am,Friday,October,2019,85,7.6,Documentary,,English,
December 20 2019,The Two Popes,Friday,December,2019,125,7.6,Drama,,English,
February 21 2020,Yeh Ballet,Friday,February,2020,117,7.6,Drama,,Hindi,
June 24 2020,Athlete A,Wednesday,June,2020,104,7.6,Documentary,,English,
September 9 2020,The Social Dilemma,Wednesday,September,2020,94,7.6,Documentary,,English,
November 12 2020,Ludo,Thursday,November,2020,149,7.6,Comedy,,Hindi,
September 16. 2016,The White Helmets,Friday,September,2016,40,7.5,Documentary,,English,
October 27. 2017,Joan Didion: The Center Will Not Hold,Friday,October,2017,98,7.5,Documentary,,English,
November 22 2017,"Barbra: The Music, The Mem'ries, The Magic!",Wednesday,November,2017,108,7.5,Documentary,,English,
September 7 2018,City of Joy,Friday,September,2018,74,7.5,Documentary,,English,
September 13 2018,Reversing Roe,Thursday,September,2018,99,7.5,Documentary,,English,
April 17 2019,Homecoming: A Film by Beyonce,Wednesday,April,2019,137,7.5,Documentary,,English,
August 16 2019,Invader Zim: Enter the Florpus,Friday,August,2019,71,7.5,Animation,SciFi,English,
December 24 2019,John Mulaney & the Sack Lunch Bunch,Tuesday,December,2019,70,7.5,Comedy,Drama,English,
October 2 2020,Dick Johnson Is Dead,Friday,October,2020,90,7.5,Documentary,,English,
October 14 2020,Blackpink: Light Up the Sky,Wednesday,October,2020,79,7.5,Documentary,,Korean,
July 17 2015,Tig,Friday,July,2015,80,7.4,Documentary,,English,
September 29 2017,Long Shot,Friday,September,2017,40,7.4,Documentary,,English,
October 26 2018,Shirkers,Friday,October,2018,97,7.4,Documentary,,English,
November 2 2018,They'll Love Me When I'm Dead,Friday,November,2018,98,7.4,Documentary,,English,
February 12 2019,Period. End of Sentence.,Tuesday,February,2019,26,7.4,Documentary,,English,Hindi
June 7 2019,The Black Godfather,Friday,June,2019,118,7.4,Documentary,,English,
August 21 2019,American Factory,Wednesday,August,2019,110,7.4,Documentary,,English,
November 1 2019,Fire in Paradise,Friday,November,2019,39,7.4,Documentary,,English,
November 27 2019,The Irishman: In Conversation,Wednesday,November,2019,23,7.4,Documentary,,English,
January 31 2020,Miss Americana,Friday,January,2020,85,7.4,Documentary,,English,
July 29 2020,The Speed Cubers,Wednesday,July,2020,40,7.4,Documentary,,English,
November 25 2020,Shawn Mendes: Live in Concert,Wednesday,November,2020,87,7.4,Documentary,,English,
May 22 2015,The Other One: The Long Strange Trip of Bob Weir,Friday,May,2015,83,7.3,Documentary,,English,
April 29 2016,Team Foxcatcher,Friday,April,2016,90,7.3,Documentary,,English,Russian
June 24 2016,The Fundamentals of Caring,Friday,June,2016,97,7.3,Dramedy,,English,
September 13 2016,Extremis,Tuesday,September,2016,24,7.3,Documentary,,English,
October 14 2016,Sky Ladder: The Art of Cai Guo-Qiang,Friday,October,2016,79,7.3,Documentary,,English,Mandarin
May 12 2017,Get Me Roger Stone,Friday,May,2017,101,7.3,Documentary,,English,
June 28 2017,Okja,Wednesday,June,2017,121,7.3,Action,Adventure,English,Korean
October 6 2017,The Death and Life of Marsha P. Johnson,Friday,October,2017,105,7.3,Documentary,,English,
September 12 2018,On My Skin,Wednesday,September,2018,100,7.3,Drama,Drama,Italian,
November 16 2018,The Ballad of Buster Scruggs,Friday,November,2018,132,7.3,Western,,English,
January 11 2019,ReMastered: Massacre at the Stadium,Friday,January,2019,64,7.3,Documentary,,English,Spanish
February 8 2019,ReMastered: The Two Killings of Sam Cooke,Friday,February,2019,64,7.3,Documentary,,English,
October 11 2019,El Camino: A Breaking Bad Movie,Friday,October,2019,121,7.3,Drama,Drama,English,
October 25 2019,Dolemite Is My Name,Friday,October,2019,118,7.3,Biography,,English,
May 27 2020,I'm No Longer Here,Wednesday,May,2020,105,7.3,Drama,,Spanish,
July 8 2020,Mucho Mucho Amor: The Legend of Walter Mercado,Wednesday,July,2020,96,7.3,Documentary,,Spanish,English
July 17 2020,Father Soldier Son,Friday,July,2020,100,7.3,Documentary,,English,
July 31 2020,Raat Akeli Hai,Friday,July,2020,149,7.3,Thriller,,Hindi,
October 13 2020,Octonauts & the Great Barrier Reef,Tuesday,October,2020,47,7.3,Animation,,English,
October 28 2020,Secrets of the Saqqara Tomb,Wednesday,October,2020,114,7.3,Documentary,,English,Arabic
September 23 2016,Audrie & Daisy,Friday,September,2016,98,7.2,Documentary,,English,
October 7 2016,The Siege of Jadotville,Friday,October,2016,108,7.2,War,,English,
October 28 2016,Into the Inferno,Friday,October,2016,107,7.2,Documentary,,English,
September 15 2017,First They Killed My Father,Friday,September,2017,136,7.2,Drama,,Khmer,French
February 14 2018,Love per Square Foot,Wednesday,February,2018,133,7.2,RomCom,,Hindi,
March 8 2018,Ladies First,Thursday,March,2018,39,7.2,Documentary,,English,Hindi
May 1 2018,Sometimes,Tuesday,May,2018,101,7.2,Drama,,Tamil,
August 10 2018,Zion,Friday,August,2018,11,7.2,Documentary,,English,
October 5 2018,Private Life,Friday,October,2018,124,7.2,Drama,,English,
January 18 2019,Fyre: The Greatest Party That Never Happened,Friday,January,2019,97,7.2,Documentary,,English,
January 18 2019,Soni,Friday,January,2019,97,7.2,Drama,,Hindi,
February 22 2019,Paddleton,Friday,February,2019,89,7.2,Comedy,Drama,English,
June 19 2019,The Edge of Democracy,Wednesday,June,2019,121,7.2,Documentary,,Portuguese,
October 18 2019,Seventeen,Friday,October,2019,99,7.2,Drama,Comedy,Spanish,
November 1 2019,The King,Friday,November,2019,140,7.2,Drama,,English,
April 10 2020,LA Originals,Friday,April,2020,92,7.2,Documentary,,English,
September 30 2020,American Murder: The Family Next Door,Wednesday,September,2020,82,7.2,Documentary,,English,
October 9 2020,The 40-Year-Old Version,Friday,October,2020,124,7.2,Comedy,,English,
April 30 2021,The Disciple,Friday,April,2021,129,7.2,Drama,,Marathi,
September 18 2015,Keith Richards: Under the Influence,Friday,September,2015,81,7.1,Documentary,,English,
March 18 2016,My Beautiful Broken Brain,Friday,March,2016,91,7.1,Documentary,,English,
May 26 2017,Joshua: Teenager vs. Superpower,Friday,May,2017,78,7.1,Documentary,,English,
October 20 2017,One of Us,Friday,October,2017,95,7.1,Documentary,,English,
April 6 2018,"Ram Dass, Going Home",Friday,April,2018,31,7.1,Documentary,,English,
May 4 2018,End Game,Friday,May,2018,40,7.1,Documentary,,English,
August 17 2018,To All the Boys I've Loved Before,Friday,August,2018,99,7.1,RomCom,,English,
November 2 2018,ReMastered: Tricky Dick & the Man in Black,Friday,November,2018,58,7.1,Documentary,,English,
November 13 2018,Loudon Wainwright III: Surviving Twin,Tuesday,November,2018,91,7.1,Musical,,English,
November 30 2018,Angela's Christmas,Friday,November,2018,30,7.1,Animation,,English,
April 20 2019,Grass Is Greener,Saturday,April,2019,97,7.1,Documentary,,English,
May 1 2019,Knock Down the House,Wednesday,May,2019,87,7.1,Documentary,,English,
June 19 2019,Beats,Wednesday,June,2019,110,7.1,Drama,,English,
July 24 2019,The Great Hack,Wednesday,July,2019,114,7.1,Documentary,,English,
September 10 2019,Evelyn,Tuesday,September,2019,96,7.1,Documentary,,English,
December 27 2019,El Pepe: A Supreme Life,Friday,December,2019,73,7.1,Documentary,,Spanish,
April 22 2020,Circus of Books,Wednesday,April,2020,92,7.1,Documentary,,English,
September 16 2020,The Devil All the Time,Wednesday,September,2020,138,7.1,Thriller,,English,
October 15 2020,Rooting for Roona,Thursday,October,2020,41,7.1,Documentary,,Bengali,
October 27 2020,Guillermo Vilas: Settling the Score,Tuesday,October,2020,94,7.1,Documentary,,Spanish,
November 27 2020,Dance Dreams: Hot Chocolate Nutcracker,Friday,November,2020,80,7.1,Documentary,,English,
December 1 2020,Angela's Christmas Wish,Tuesday,December,2020,47,7.1,Animation,,English,
January 7 2021,Pieces of a Woman,Thursday,January,2021,126,7.1,Drama,,English,
January 22 2021,The White Tiger,Friday,January,2021,125,7.1,Drama,,English,
January 29 2021,The Dig,Friday,January,2021,112,7.1,Drama,,English,
May 14 2021,Ferry,Friday,May,2021,106,7.1,Crime,Drama,Dutch,
September 1 2017,Resurface,Friday,September,2017,27,7,Documentary,,English,
September 22 2017,Gaga: Five Foot Two,Friday,September,2017,100,7,Documentary,,English,
October 13 2017,Kingdom of Us,Friday,October,2017,109,7,Documentary,,English,
October 12 2018,Feminists: What Were They Thinking?,Friday,October,2018,86,7,Documentary,,English,
October 19 2018,The Night Comes for Us,Friday,October,2018,121,7,Action,Thriller,Indonesian,
November 22 2018,The Christmas Chronicles,Thursday,November,2018,104,7,Comedy,Family,English,
March 22 2019,ReMastered: The Miami Showband Massacre,Friday,March,2019,70,7,Documentary,,English,
March 22 2019,The Dirt,Friday,March,2019,108,7,Biography,,English,
April 26 2019,ReMastered: Devil at the Crossroads,Friday,April,2019,48,7,Documentary,,English,
May 17 2019,ReMastered: The Lion's Share,Friday,May,2019,84,7,Documentary,,English,
August 9 2019,Rocko's Modern Life: Static Cling,Friday,August,2019,45,7,Animation,Comedy,English,
September 15 2019,Los Tigres del Norte at Folsom Prison,Sunday,September,2019,64,7,Documentary,,Spanish,
November 20 2019,"Lorena, Light-Footed Woman",Wednesday,November,2019,28,7,Documentary,,Spanish,
December 9 2020,Rose Island,Wednesday,December,2020,117,7,Comedy,,Italian,
December 18 2020,Ma Rainey's Black Bottom,Friday,December,2020,94,7,Drama,,English,
February 23 2021,Pele,Tuesday,February,2021,108,7,Documentary,,English,
March 17 2021,Operation Varsity Blues: The College Admissions Scandal,Wednesday,March,2021,99,7,Documentary,,English,
September 30 2016,Amanda Knox,Friday,September,2016,92,6.9,Documentary,,English,
February 24 2017,I Don't Feel at Home in This World Anymore,Friday,February,2017,96,6.9,Drama,,English,
May 19 2017,Laerte-se,Friday,May,2017,100,6.9,Documentary,,Portuguese,
September 29 2017,Our Souls at Night,Friday,September,2017,103,6.9,Romance,,English,
October 13 2017,The Meyerowitz Stories (New and Selected),Friday,October,2017,112,6.9,Dramedy,,English,
February 9 2018,Seeing Allred,Friday,February,2018,95,6.9,Documentary,,English,
October 12 2018,ReMastered: Who Shot the Sheriff?,Friday,October,2018,57,6.9,Documentary,,English,
November 9 2018,Outlaw King,Friday,November,2018,121,6.9,Drama,,English,
March 29 2019,The Highwaymen,Friday,March,2019,131,6.9,Crime,Drama,English,
May 23 2019,The Lonely Island Presents: The Unauthorized Bash Brothers Experience,Thursday,May,2019,30,6.9,Comedy,Musical,English,
May 1 2020,The Half of It,Friday,May,2020,105,6.9,Romance,,English,
June 3 2020,Spelling the Dream,Wednesday,June,2020,83,6.9,Documentary,,English,
July 10 2020,The Claudia Kishi Club,Friday,July,2020,17,6.9,Documentary,,English,
October 8 2020,Bigflo & Oil: Hip Hop Frenzy,Thursday,October,2020,100,6.9,Documentary,,French,
December 4 2020,Mank,Friday,December,2020,132,6.9,Biography,,English,
December 24 2020,AK vs AK,Thursday,December,2020,108,6.9,Thriller,,Hindi,
March 1 2021,Biggie: I Got a Story to Tell,Monday,March,2021,97,6.9,Documentary,,English,
March 26 2021,Pagglait,Friday,March,2021,114,6.9,Dramedy,,Hindi,
October 28 2016,7 años,Friday,October,2016,76,6.8,Drama,,Spanish,
July 14 2017,To the Bone,Friday,July,2017,107,6.8,Drama,,English,
September 12 2017,Heroin(e),Tuesday,September,2017,39,6.8,Documentary,,English,
November 21 2017,Saving Capitalism,Tuesday,November,2017,73,6.8,Documentary,,English,
January 26 2018,A Futile and Stupid Gesture,Friday,January,2018,101,6.8,Biography,Comedy,English,
February 9 2018,The Trader,Friday,February,2018,23,6.8,Documentary,,Georgian,
April 20 2018,Mercury 13,Friday,April,2018,79,6.8,Documentary,,English,
June 29 2018,Calibre,Friday,June,2018,101,6.8,Thriller,,English,
August 3 2018,Long Live Brij Mohan,Friday,August,2018,105,6.8,Comedy,,Hindi,
October 10 2018,22 July,Wednesday,October,2018,144,6.8,Drama,,English,
November 2 2018,The Other Side of the Wind,Friday,November,2018,122,6.8,Drama,,English,
May 3 2019,All in My Family,Friday,May,2019,39,6.8,Documentary,,English,Mandarin
May 31 2019,Always Be My Maybe,Friday,May,2019,102,6.8,RomCom,,English,
March 20 2020,A Life of Speed: The Juan Manuel Fangio Story,Friday,March,2020,92,6.8,Documentary,,Spanish,
May 6 2020,Becoming,Wednesday,May,2020,89,6.8,Documentary,,English,
May 11 2020,Have a Good Trip: Adventures in Psychedelics,Monday,May,2020,85,6.8,Documentary,,English,
September 17 2020,GIMS: On the Record,Thursday,September,2020,96,6.8,Documentary,,French,
September 21 2020,A Love Song for Latasha,Monday,September,2020,19,6.8,Documentary,,English,
September 30 2020,The Boys in the Band,Wednesday,September,2020,121,6.8,Drama,,English,
September 30 2020,The Boys in the Band: Something Personal,Wednesday,September,2020,28,6.8,Documentary,,English,
October 2 2020,Serious Men,Friday,October,2020,114,6.8,Drama,,Hindi,
November 13 2020,The Life Ahead,Friday,November,2020,95,6.8,Drama,,Italian,
December 27 2020,Death to 2020,Sunday,December,2020,70,6.8,Comedy,,English,
January 6 2021,Tony Parker: The Final Shot,Wednesday,January,2021,98,6.8,Documentary,,French,
July 15. 2016,Tony Robbins: I Am Not Your Guru,Friday,July,2016,116,6.7,Documentary,,English,
July 29 2016,Tallulah,Friday,July,2016,111,6.7,Dramedy,,English,
February 3 2017,Imperial Dreams,Friday,February,2017,87,6.7,Drama,,English,
February 7 2017,"Michael Bolton's Big, Sexy, Valentine's Day Special",Tuesday,February,2017,54,6.7,Comedy,,English,
May 20 2017,Blame!,Saturday,May,2017,106,6.7,Animation,SciFi,Japanese,
June 16 2017,CounterPunch,Friday,June,2017,91,6.7,Documentary,,English,
July 10 2019,Parchis: The Documentary,Wednesday,July,2019,106,6.7,Documentary,,Spanish,
October 18 2019,Upstarts,Friday,October,2019,112,6.7,Drama,,Hindi,
October 28 2019,Little Miss Sumo,Monday,October,2019,19,6.7,Documentary,,Japanese,
November 20 2019,"Bikram: Yogi, Guru, Predator",Wednesday,November,2019,86,6.7,Documentary,,English,
April 24 2020,Extraction,Friday,April,2020,117,6.7,Action,,English,
June 18 2020,A Whisker Away,Thursday,June,2020,104,6.7,Animation,Fantasy,Japanese,
July 10 2020,The Old Guard,Friday,July,2020,124,6.7,Fantasy,Action,English,
September 15 2020,Hope Frozen: A Quest to Live Twice,Tuesday,September,2020,80,6.7,Documentary,,English,
November 24 2020,Hillbilly Elegy,Tuesday,November,2020,117,6.7,Drama,,English,
December 3 2020,Just Another Christmas,Thursday,December,2020,101,6.7,Comedy,,Portuguese,
December 11 2020,Giving Voice,Friday,December,2020,90,6.7,Documentary,,English,
January 11 2021,"Crack: Cocaine, Corruption & Conspiracy",Monday,January,2021,89,6.7,Documentary,,English,
February 5 2021,Malcolm & Marie,Friday,February,2021,106,6.7,Romance,Drama,English,
March 3 2021,Moxie,Wednesday,March,2021,111,6.7,Drama,,English,
March 12 2021,Paper Lives,Friday,March,2021,97,6.7,Drama,,Turkish,
April 9 2021,Night in Paradise,Friday,April,2021,132,6.7,Drama,,Korean,
April 16 2021,Ajeeb Daastaans,Friday,April,2021,142,6.7,Drama,,Hindi,
April 16 2021,Arlo the Alligator Boy,Friday,April,2021,92,6.7,Comedy,Animation,English,
May 27 2021,Blue Miracle,Thursday,May,2021,95,6.7,Drama,,English,
August 19 2016,I'll Sleep When I'm Dead,Friday,August,2016,79,6.6,Documentary,,English,
June 29 2018,Recovery Boys,Friday,June,2018,89,6.6,Documentary,,English,
September 14 2018,The Angel,Friday,September,2018,114,6.6,Thriller,Spy,English,
December 7 2018,ReMastered: Who Killed Jam Master Jay?,Friday,December,2018,58,6.6,Documentary,,English,
December 7 2018,The American Meme,Friday,December,2018,98,6.6,Documentary,,English,
December 21 2018,Bird Box,Friday,December,2018,124,6.6,Thriller,,English,
June 7 2019,Elisa & Marcela,Friday,June,2019,118,6.6,Romance,Drama,Spanish,
July 31 2019,The Red Sea Diving Resort,Wednesday,July,2019,130,6.6,Thriller,Spy,English,
October 25 2019,It Takes a Lunatic,Friday,October,2019,126,6.6,Documentary,,English,
June 24 2020,Bulbbul,Wednesday,June,2020,94,6.6,Horror,,Hindi,
August 20 2020,The Crimes That Bind,Thursday,August,2020,99,6.6,Crime,Drama,Spanish,
September 4 2020,I'm Thinking of Ending Things,Friday,September,2020,134,6.6,Thriller,,English,
November 23 2020,Shawn Mendes: In Wonder,Monday,November,2020,83,6.6,Documentary,,English,
January 15 2021,What Would Sophia Loren Do?,Friday,January,2021,32,6.6,Documentary,,English,
February 5 2021,Space Sweepers,Friday,February,2021,136,6.6,SciFi,,Korean,
February 26 2021,Crazy About Her,Friday,February,2021,102,6.6,RomCom,,Spanish,
March 26 2021,Bad Trip,Friday,March,2021,86,6.6,Comedy,,English,
May 7 2021,Milestone,Friday,May,2021,98,6.6,Drama,,Hindi,
April 21 2017,Tramps,Friday,April,2017,83,6.5,RomCom,,English,
June 23 2017,Nobody Speak: Trials of the Free Press,Friday,June,2017,95,6.5,Documentary,,English,
July 28 2017,The Incredible Jessica James,Friday,July,2017,83,6.5,Comedy,,English,
September 29 2017,Gerald's Game,Friday,September,2017,103,6.5,Horror,Thriller,English,
June 15 2018,Lust Stories,Friday,June,2018,120,6.5,Drama,,Hindi,
June 15 2018,Set It Up,Friday,June,2018,105,6.5,RomCom,,English,
December 7 2018,Mowgli: Legend of the Jungle,Friday,December,2018,104,6.5,Adventure,,English,
March 21 2019,Antoine Griezmann: The Making of a Legend,Thursday,March,2019,60,6.5,Documentary,,French,
May 31 2019,Chopsticks,Friday,May,2019,100,6.5,Comedy,,Hindi,
June 14 2019,Life Overtakes Me,Friday,June,2019,40,6.5,Documentary,,English,Swedish
October 28 2019,A 3 Minute Hug,Monday,October,2019,28,6.5,Documentary,,English,Spanish
February 28 2020,All the Bright Places,Friday,February,2020,108,6.5,Romance,,English,
March 19 2020,Altered Carbon: Resleeved,Thursday,March,2020,74,6.5,Animation,SciFi,Japanese,
April 10 2020,Tigertail,Friday,April,2020,91,6.5,Drama,,English,Mandarin
June 12 2020,Da 5 Bloods,Friday,June,2020,155,6.5,War,,English,
June 24 2020,Nobody Knows I'm Here,Wednesday,June,2020,91,6.5,Drama,,Spanish,
June 26 2020,Eurovision Song Contest: The Story of Fire Saga,Friday,June,2020,123,6.5,Musical,Comedy,English,
August 28 2020,All Together Now,Friday,August,2020,93,6.5,Drama,,English,
October 30 2020,His House,Friday,October,2020,93,6.5,Thriller,,English,
November 13 2020,Jingle Jangle: A Christmas Journey,Friday,November,2020,119,6.5,Family,Musical,English,
April 7 2021,Dolly Parton: A MusiCares Tribute,Wednesday,April,2021,55,6.5,,,English,
April 17 2021,Chadwick Boseman: Portrait of an Artist,Saturday,April,2021,21,6.5,Documentary,,English,
May 7 2021,Monster,Friday,May,2021,98,6.5,Drama,,English,
May 12 2021,Oxygen,Wednesday,May,2021,101,6.5,SciFi,Thriller,French,
December 13 2014,My Own Man,Saturday,December,2014,81,6.4,Documentary,,English,
September 16 2016,ARQ,Friday,September,2016,88,6.4,SciFi,Thriller,English,
May 5 2017,The Mars Generation,Friday,May,2017,97,6.4,Documentary,,English,
September 15. 2017,Strong Island,Friday,September,2017,107,6.4,Documentary,,English,
October 20 2017,Wheelman,Friday,October,2017,82,6.4,Action,Thriller,English,
February 9 2018,When We First Met,Friday,February,2018,97,6.4,RomCom,,English,
February 16 2018,Irreplaceable You,Friday,February,2018,96,6.4,Drama,,English,
March 16 2018,Take Your Pills,Friday,March,2018,87,6.4,Documentary,,English,
March 30 2018,First Match,Friday,March,2018,102,6.4,Drama,Sport,English,
September 21 2018,Nappily Ever After,Friday,September,2018,98,6.4,Dramedy,,English,
September 28 2018,Two Catalonias,Friday,September,2018,116,6.4,Documentary,,Spanish,Catalan
March 8 2019,Walk. Ride. Rodeo.,Friday,March,2019,99,6.4,Drama,,English,
March 13 2019,Triple Frontier,Wednesday,March,2019,125,6.4,Action,Thriller,English,
September 25 2019,Birders,Wednesday,September,2019,37,6.4,Documentary,,English,Spanish
September 27 2019,Sturgill Simpson Presents: Sound & Fury,Friday,September,2019,41,6.4,Animation,Musicial,English,
October 11 2019,Fractured,Friday,October,2019,100,6.4,Thriller,,English,
October 12 2019,Street Flow,Saturday,October,2019,96,6.4,Drama,,French,
December 24 2019,Como Caído del Cielo,Tuesday,December,2019,112,6.4,Musical,,Spanish,
February 14 2020,Isi & Ossi,Friday,February,2020,113,6.4,RomCom,,German,
March 25 2020,The Occupant,Wednesday,March,2020,103,6.4,Thriller,,Spanish,
April 22 2020,The Willoughbys,Wednesday,April,2020,90,6.4,Animation,Adventure,English,
April 29 2020,Murder to Mercy: The Cyntoia Brown Story,Wednesday,April,2020,97,6.4,Documentary,,English,
August 5 2020,Anelka: Misunderstood,Wednesday,August,2020,94,6.4,Documentary,,French,
August 20 2020,John Was Trying to Contact Aliens,Thursday,August,2020,16,6.4,Documentary,,English,
October 23 2020,Over the Moon,Friday,October,2020,95,6.4,Animation,Adventure,English,
December 21 2020,"Ariana Grande: Excuse Me, I Love You",Monday,December,2020,97,6.4,Documentary,,English,
January 14 2021,The Heartbreak Club,Thursday,January,2021,101,6.4,Dramedy,,Indonesian,
February 11 2021,Layla Majnun,Thursday,February,2021,119,6.4,Romance,Drama,Indonesian,
December 9 2016,Spectral,Friday,December,2016,108,6.3,SciFi,Action,English,
March 31 2017,The Discovery,Friday,March,2017,102,6.3,SciFi,Drama,English,
April 21 2017,Sand Castle,Friday,April,2017,113,6.3,Action,,English,
June 9 2017,Shimmer Lake,Friday,June,2017,86,6.3,Crime,Thriller,English,
October 13 2017,The Babysitter,Friday,October,2017,85,6.3,Comedy,Horror,English,
October 20 2017,1922,Friday,October,2017,102,6.3,Horror,Crime,English,
December 22 2017,Bright,Friday,December,2017,117,6.3,Fantasy,,English,
March 9 2018,The Outsider,Friday,March,2018,120,6.3,Crime,Drama,English,Japanese
March 16 2018,Benji,Friday,March,2018,87,6.3,Family,,English,
April 13 2018,I Am Not an Easy Man,Friday,April,2018,98,6.3,RomCom,,French,
May 18 2018,Cargo,Friday,May,2018,104,6.3,Drama,Horror,English,
June 8 2018,Alex Strangelove,Friday,June,2018,99,6.3,RomCom,,English,
October 12 2018,Apostle,Friday,October,2018,129,6.3,Horror,Thriller,English,
December 21 2018,Porta dos Fundos: The Last Hangover,Friday,December,2018,44,6.3,Comedy,,Portuguese,
January 25 2019,Polar,Friday,January,2019,118,6.3,Action,,English,
March 29 2019,The Legend of Cocaine Island,Friday,March,2019,87,6.3,Documentary,,English,
April 19 2019,Music Teacher,Friday,April,2019,101,6.3,Drama,,Hindi,
May 22 2019,A Tale of Two Kitchens,Wednesday,May,2019,30,6.3,Documentary,,English,Spanish
August 28 2019,Travis Scott: Look Mom I Can Fly,Wednesday,August,2019,85,6.3,Documentary,,English,
October 11 2019,The Forest of Love,Friday,October,2019,151,6.3,Drama,,Japanese,
October 18 2019,The Laundromat,Friday,October,2019,98,6.3,Dramedy,,English,
March 27 2020,Uncorked,Friday,March,2020,103,6.3,Drama,,English,
April 23 2020,Time to Hunt,Thursday,April,2020,134,6.3,Thriller,,Korean,
June 19 2020,Feel the Beat,Friday,June,2020,107,6.3,Family,Dramedy,English,
November 24 2020,Notes for My Son,Tuesday,November,2020,83,6.3,Drama,,Spanish,
January 28 2021,June & Kopi,Thursday,January,2021,90,6.3,Drama,,Indonesian,
February 12 2021,To All the Boys: Always and Forever,Friday,February,2021,109,6.3,RomCom,,English,
March 18 2021,Get the Goat,Thursday,March,2021,97,6.3,Comedy,,Portuguese,
April 2 2021,Concrete Cowboy,Friday,April,2021,111,6.3,Drama,,English,
May 26 2021,Nail Bomber: Manhunt,Wednesday,May,2021,72,6.3,Documentary,,English,
April 7 2017,Win It All,Friday,April,2017,88,6.2,Comedy,,English,
December 1 2017,Voyuer,Friday,December,2017,95,6.2,Documentary,,English,
March 23 2018,Roxanne Roxanne,Friday,March,2018,98,6.2,Biography,,English,
April 27 2018,The Rachel Divide,Friday,April,2018,104,6.2,Documentary,,English,
September 14 2018,The Land of Steady Habits,Friday,September,2018,98,6.2,Drama,,English,
February 8 2019,High Flying Bird,Friday,February,2019,90,6.2,Drama,Sport,English,
April 19 2019,Someone Great,Friday,April,2019,92,6.2,RomCom,,English,
September 27 2019,In the Shadow of the Moon,Friday,September,2019,115,6.2,Thriller,,English,
March 6 2020,Spenser Confidential,Friday,March,2020,111,6.2,Action,Comedy,English,
June 19 2020,Lost Bullet,Friday,June,2020,92,6.2,Thriller,,French,
July 24 2020,Offering to the Storm,Friday,July,2020,139,6.2,Thriller,,Spanish,
August 14 2020,Octonauts & the Caves of Sac Actun,Friday,August,2020,72,6.2,Animation,,English,
August 17 2020,Crazy Awesome Teachers,Monday,August,2020,101,6.2,Dramedy,,Indonesian,
November 6 2020,Citation,Friday,November,2020,151,6.2,Drama,,English,
November 20 2020,Alien Xmas,Friday,November,2020,42,6.2,Animation,,English,
January 29 2021,Below Zero,Friday,January,2021,106,6.2,Drama,,Spanish,
April 9 2021,Have You Ever Seen Fireflies?,Friday,April,2021,114,6.2,Comedy,,Turkish,
May 26 2021,Baggio: The Divine Ponytail,Wednesday,May,2021,92,6.2,Biography,,Italian,
May 29 2015,Hot Girls Wanted,Friday,May,2015,84,6.1,Documentary,,English,
March 18 2016,Pee-wee's Big Holiday,Friday,March,2016,89,6.1,Adventure,,English,
March 10 2017,Burning Sands,Friday,March,2017,102,6.1,Drama,,English,
March 17 2017,Deidra & Laney Rob a Train,Friday,March,2017,94,6.1,Drama,,English,
March 24 2017,The Most Hated Woman in America,Friday,March,2017,92,6.1,Biography,,English,
April 28 2017,Casting JonBenet,Friday,April,2017,80,6.1,Documentary,,English,
November 10 2017,The Killer,Friday,November,2017,99,6.1,Western,,Portuguese,
August 3 2018,Like Father,Friday,August,2018,103,6.1,Comedy,,English,
May 24 2019,The Perfection,Friday,May,2019,90,6.1,Horror,Thriller,English,
August 2 2019,Otherhood,Friday,August,2019,100,6.1,Comedy,,English,
September 20 2019,Between Two Ferns: The Movie,Friday,September,2019,82,6.1,Comedy,,English,
November 1 2019,Holiday in the Wild,Friday,November,2019,85,6.1,Adventure,Romance,English,
December 13 2019,6 Underground,Friday,December,2019,128,6.1,Action,,English,
March 13 2020,Lost Girls,Friday,March,2020,95,6.1,Crime,Drama,English,
April 17 2020,Sergio,Friday,April,2020,118,6.1,Biography,,English,
May 22 2020,The Lovebirds,Friday,May,2020,87,6.1,RomCom,,English,
August 7 2020,Work It,Friday,August,2020,93,6.1,Comedy,,English,
August 28 2020,Unknown Origins,Friday,August,2020,96,6.1,Thriller,,Spanish,
October 28 2020,Holidate,Wednesday,October,2020,104,6.1,RomCom,,English,
October 30 2020,Rogue City,Friday,October,2020,116,6.1,Drama,,French,
January 8 2021,Stuck Apart,Friday,January,2021,96,6.1,Drama,,Turkish,
January 15 2021,Tribhanga  Tedhi Medhi Crazy,Friday,January,2021,95,6.1,Drama,,Hindi,
January 29 2021,Finding 'Ohana,Friday,January,2021,123,6.1,Family,,English,
April 1 2021,Tersanjung the Movie,Thursday,April,2021,114,6.1,Drama,,Indonesian,
January 27 2017,iBoy,Friday,January,2017,90,6,SciFi,Thriller,English,
May 26 2017,War Machine,Friday,May,2017,122,6,Comedy,,English,
April 13 2018,Come Sunday,Friday,April,2018,106,6,Biography,,English,
May 4 2018,Forgive Us Our Debts,Friday,May,2018,104,6,Drama,,Italian,
May 11 2018,The Kissing Booth,Friday,May,2018,105,6,RomCom,,English,
November 16 2018,The Princess Switch,Friday,November,2018,101,6,RomCom,,English,
March 8 2019,Juanita,Friday,March,2019,90,6,Drama,,English,
June 14 2019,Murder Mystery,Friday,June,2019,97,6,Comedy,,English,
August 9 2019,Lovefucked,Friday,August,2019,106,6,Drama,,Hindi,
February 12 2020,To All the Boys: P.S. I Still Love You,Wednesday,February,2020,102,6,RomCom,,English,
August 14 2020,Project Power,Friday,August,2020,113,6,Action,,English,
October 21 2020,Rebecca,Wednesday,October,2020,123,6,Romance,Thriller,English,
November 25 2020,The Christmas Chronicles: Part Two,Wednesday,November,2020,115,6,Comedy,Drama,English,
November 11 2016,True Memoirs of an International Assassin,Friday,November,2016,98,5.9,Action,Comedy,English,
January 12 2018,The Polka King,Friday,January,2018,95,5.9,Dramedy,,English,
April 6 2018,6 Balloons,Friday,April,2018,75,5.9,Drama,,English,
April 6 2018,Amateur,Friday,April,2018,96,5.9,Drama,,English,
September 28 2018,Notes from Dunblane: Lesson from a School Shooting,Friday,September,2018,23,5.9,Documentary,,English,
November 16 2018,Cam,Friday,November,2018,94,5.9,Thriller,,English,
July 16 2019,"Frankenstein's Monster's Monster, Frankenstein",Tuesday,July,2019,32,5.9,Documentary,,English,
November 15 2019,Earthquake Bird,Friday,November,2019,107,5.9,Mystery,,English,
January 17 2020,A Fall from Grace,Friday,January,2020,120,5.9,Thriller,,English,
February 7 2020,Horse Girl,Friday,February,2020,104,5.9,Drama,,English,
March 20 2020,Ultras,Friday,March,2020,108,5.9,Drama,,Italian,
March 27 2020,Maska,Friday,March,2020,111,5.9,RomCom,,Hindi,
March 27 2020,The Decline,Friday,March,2020,83,5.9,Thriller,,French,
December 11 2020,The Prom,Friday,December,2020,132,5.9,Musical,,English,
January 1 2021,The Minimalists: Less Is Now,Friday,January,2021,53,5.9,Documentary,,English,
May 21 2021,Army of the Dead,Friday,May,2021,148,5.9,Action,Comedy,English,
April 29 2016,Special Correspondents,Friday,April,2016,100,5.8,Comedy,,English,
October 13 2016,Mascots,Thursday,October,2016,95,5.8,Documentary,,English,
December 16 2016,Barry,Friday,December,2016,104,5.8,Biography,,English,
April 28 2017,Rodney King,Friday,April,2017,52,5.8,Drama,,English,
April 28 2017,Small Crimes,Friday,April,2017,95,5.8,Comedy,,English,
November 17 2017,A Christmas Prince,Friday,November,2017,92,5.8,RomCom,,English,
March 30 2018,Happy Anniversary,Friday,March,2018,78,5.8,RomCom,,English,
April 27 2018,Candy Jar,Friday,April,2018,92,5.8,Comedy,,English,
June 29 2018,TAU,Friday,June,2018,97,5.8,Horror,Thriller,English,
July 27 2018,Extinction,Friday,July,2018,95,5.8,SciFi,Thriller,English,
August 24 2018,The After Party,Friday,August,2018,89,5.8,Comedy,,English,
September 7 2018,Sierra Burgess Is a Loser,Friday,September,2018,105,5.8,RomCom,,English,
November 30 2018,Rajma Chawal,Friday,November,2018,118,5.8,Dramedy,,Hindi,
March 29 2019,15 August,Friday,March,2019,124,5.8,Dramedy,,Marathi,
April 12 2019,The Perfect Date,Friday,April,2019,89,5.8,RomCom,,English,
November 1 2019,American Son,Friday,November,2019,90,5.8,Drama,,English,
November 8 2019,Let It Snow,Friday,November,2019,92,5.8,RomCom,,English,
April 17 2020,Rising High,Friday,April,2020,94,5.8,Comedy,,German,
April 30 2020,Rich in Love,Thursday,April,2020,105,5.8,RomCom,,Portuguese,
May 1 2020,All Day and a Night,Friday,May,2020,121,5.8,Drama,,English,
June 5 2020,Choked: Paisa Bolta Hai,Friday,June,2020,114,5.8,Drama,,Hindi,
July 24 2020,The Kissing Booth 2,Friday,July,2020,131,5.8,RomCom,,English,
August 21 2020,Class of '83,Friday,August,2020,98,5.8,Drama,,Hindi,
September 10 2020,The Babysitter: Killer Queen,Thursday,September,2020,102,5.8,Comedy,Horror,English,
October 2 2020,You've Got This,Friday,October,2020,111,5.8,RomCom,,Spanish,
November 5 2020,Operation Christmas Drop,Thursday,November,2020,96,5.8,RomCom,,English,
November 11 2020,What We Wanted,Wednesday,November,2020,93,5.8,Drama,,German,
December 7 2020,The Claus Family,Monday,December,2020,96,5.8,Fantasy,,Dutch,
December 14 2020,A California Christmas,Monday,December,2020,107,5.8,RomCom,,English,
May 14 2021,I Am All Girls,Friday,May,2021,107,5.8,Thriller,,English,
May 27 2016,The Do-Over,Friday,May,2016,108,5.7,Comedy,,English,
September 1 2017,Little Evil,Friday,September,2017,94,5.7,Comedy,,English,
December 8 2017,El Camino Christmas,Friday,December,2017,89,5.7,Comedy,,English,
December 15 2017,Christmas Inheritance,Friday,December,2017,104,5.7,Romance,,English,
November 2 2018,The Holiday Calendar,Friday,November,2018,95,5.7,RomCom,,English,
December 12 2018,"Out of Many, One",Wednesday,December,2018,34,5.7,Documentary,,English,
January 4 2019,Lionheart,Friday,January,2019,94,5.7,Comedy,,English,
February 1 2019,Velvet Buzzsaw,Friday,February,2019,112,5.7,Thriller,,English,
May 16 2019,Good Sam,Thursday,May,2019,89,5.7,Drama,,English,
July 12 2019,Point Blank,Friday,July,2019,86,5.7,Action,,English,
October 18 2019,Eli,Friday,October,2019,98,5.7,Horror,,English,
May 13 2020,The Wrong Missy,Wednesday,May,2020,90,5.7,Comedy,,English,
June 18 2020,One Take,Thursday,June,2020,85,5.7,Documentary,,Thai,
September 11 2020,Dad Wanted,Friday,September,2020,102,5.7,Family,,Spanish,
October 9 2020,Ginny Weds Sunny,Friday,October,2020,125,5.7,RomCom,,Hindi,
March 12 2021,Yes Day,Friday,March,2021,86,5.7,Comedy,,English,
March 25 2021,Caught by a Wave,Thursday,March,2021,99,5.7,Romance,,Italian,
March 26 2021,A Week Away,Friday,March,2021,97,5.7,Musical,,English,
April 14 2021,Prime Time,Wednesday,April,2021,91,5.7,Thriller,,Polish,
May 14 2021,The Woman in the Window,Friday,May,2021,100,5.7,Thriller,,English,
July 7 2016,Brahman Naman,Thursday,July,2016,95,5.6,Comedy,,English,
October 12 2017,Bomb Scared,Thursday,October,2017,89,5.6,Comedy,,Spanish,
September 28 2018,Hold the Dark,Friday,September,2018,125,5.6,Thriller,,English,
January 11 2019,The Last Laugh,Friday,January,2019,98,5.6,Dramedy,,English,
August 29 2019,Falling Inn Love,Thursday,August,2019,97,5.6,RomCom,,English,
June 19 2020,One-Way to Tomorrow,Friday,June,2020,90,5.6,Romance,,Turkish,
August 21 2020,The Sleepover,Friday,August,2020,103,5.6,Comedy,,English,
September 3 2020,"Love, Guaranteed",Thursday,September,2020,91,5.6,RomCom,,English,
September 16 2020,The Paramedic,Wednesday,September,2020,94,5.6,Thriller,,Spanish,
October 2 2020,Vampires vs. the Bronx,Friday,October,2020,86,5.6,Comedy,,English,
October 27 2020,Sarah Cooper: Everything's Fine,Tuesday,October,2020,49,5.6,Comedy,,English,
December 23 2020,The Midnight Sky,Wednesday,December,2020,118,5.6,SciFi,,English,
January 15 2021,Double Dad,Friday,January,2021,103,5.6,Dramedy,,Portuguese,
February 5 2021,The Last Paradiso,Friday,February,2021,107,5.6,Romance,,Italian,
April 14 2021,Why Did You Kill Me?,Wednesday,April,2021,83,5.6,Documentary,,English,
December 4 2015,A Very Murray Christmas,Friday,December,2015,56,5.5,Comedy,Musical,English,
January 19 2018,Step Sisters,Friday,January,2018,108,5.5,Comedy,,English,
February 4 2018,The Cloverfield Paradox,Sunday,February,2018,102,5.5,SciFi,,English,
February 23 2018,Mute,Friday,February,2018,126,5.5,SciFi,Mystery,English,
July 6 2018,The Legacy of a Whitetail Deer Hunter,Friday,July,2018,83,5.5,Adventure,Comedy,English,
August 10 2018,The Package,Friday,August,2018,94,5.5,Comedy,,English,
October 26 2018,Been So Long,Friday,October,2018,100,5.5,Musical,,English,
February 8 2019,Kevin Hart's Guide to Black History,Friday,February,2019,63,5.5,Comedy,,English,
April 5 2019,Unicorn Store,Friday,April,2019,92,5.5,Comedy,,English,
May 10 2019,Wine Country,Friday,May,2019,103,5.5,Comedy,,English,
October 16. 2019,Ghosts of Sugar Land,Wednesday,October,2019,21,5.5,Documentary,,English,
November 15 2019,House Arrest,Friday,November,2019,104,5.5,Comedy,,Hindi,
November 21 2019,The Knight Before Christmas,Thursday,November,2019,92,5.5,RomCom,,English,
December 1 2019,Dead Kids,Sunday,December,2019,94,5.5,Thriller,,Filipino,
April 10 2020,Love Wedding Repeat,Friday,April,2020,100,5.5,RomCom,,English,
October 2 2020,Òlòt?ré,Friday,October,2020,106,5.5,Drama,,English,
February 11 2021,Red Dot,Thursday,February,2021,86,5.5,Thriller,,Swedish,
April 15 2021,Ride or Die,Thursday,April,2021,142,5.5,Thriller,Drama,Japanese,
April 28 2021,Get the Grift,Wednesday,April,2021,94,5.5,Comedy,,Portuguese,
August 11 2017,Naked,Friday,August,2017,96,5.4,Comedy,,English,
March 23 2018,"Game Over, Man!",Friday,March,2018,101,5.4,Action,Comedy,English,
May 3 2019,Despite Everything,Friday,May,2019,78,5.4,Comedy,,Spanish,
October 4 2019,In the Tall Grass,Friday,October,2019,101,5.4,Horror,,English,
December 5 2019,A Christmas Prince: The Royal Baby,Thursday,December,2019,85,5.4,RomCom,,English,
March 6 2020,Guilty,Friday,March,2020,119,5.4,Thriller,,Hindi,
July 1 2020,Under the Riccione Sun,Wednesday,July,2020,101,5.4,Romance,,Italian,
September 2 2020,Freaks: You're One of Us,Wednesday,September,2020,92,5.4,Drama,,German,
September 18 2020,Dolly Kitty and Those Twinkling Stars,Friday,September,2020,120,5.4,Drama,,Hindi,
October 15 2020,A Babysitter's Guide to Monster Hunting,Thursday,October,2020,98,5.4,Comedy,Family,English,
November 19 2020,The Princess Switch: Switched Again,Thursday,November,2020,97,5.4,RomCom,,English,
January 15 2021,Outside the Wire,Friday,January,2021,114,5.4,Action,SciFi,English,
April 2 2021,Madame Claude,Friday,April,2021,112,5.4,Drama,,French,
August 26 2016,XOXO,Friday,August,2016,92,5.3,Drama,,English,
June 24 2018,"To Each, Her Own",Sunday,June,2018,95,5.3,RomCom,,French,
September 7 2018,The Most Assassinated Woman in the World,Friday,September,2018,102,5.3,Thriller,,French,
November 30 2018,A Christmas Prince: The Royal Wedding,Friday,November,2018,92,5.3,RomCom,,English,
April 12 2019,Who Would You Take to a Deserted Island?,Friday,April,2019,93,5.3,Drama,,Spanish,
August 30 2019,Back to School,Friday,August,2019,83,5.3,Comedy,,French,
April 30 2020,Dangerous Lies,Thursday,April,2020,97,5.3,Thriller,,English,
May 28 2020,Intuition,Thursday,May,2020,116,5.3,Thriller,,Spanish,
August 12 2020,Gunjan Saxena: The Kargil Girl,Wednesday,August,2020,112,5.3,Drama,,Hindi,
April 29 2021,Things Heard & Seen,Thursday,April,2021,121,5.3,Horror,,English,
February 14 2017,Girlfriend's Day,Tuesday,February,2017,70,5.2,Comedy,,English,
April 14 2017,Sandy Wexler,Friday,April,2017,131,5.2,Comedy,,English,
May 5 2017,Handsome: A Netflix Mystery Movie,Friday,May,2017,81,5.2,Comedy,,English,
September 8 2017,#REALITYHIGH,Friday,September,2017,99,5.2,Comedy,,English,
April 27 2018,The Week Of,Friday,April,2018,116,5.2,Comedy,,English,
May 25 2018,Ibiza,Friday,May,2018,94,5.2,Comedy,,English,
July 20 2018,Father of the Year,Friday,July,2018,94,5.2,Comedy,,English,
February 22 2019,Firebrand,Friday,February,2019,112,5.2,Drama,,Marathi,
May 14 2019,Still Laugh-In: The Stars Celebrate,Tuesday,May,2019,60,5.2,Comedy,,English,
May 17 2019,See You Yesterday,Friday,May,2019,87,5.2,SciFi,,English,
May 24 2019,Rim of the World,Friday,May,2019,98,5.2,SciFi,Adventure,English,
September 13 2019,Tall Girl,Friday,September,2019,102,5.2,Dramedy,,English,
July 3 2020,Desperados,Friday,July,2020,106,5.2,RomCom,,English,
October 7 2020,Hubie Halloween,Wednesday,October,2020,103,5.2,Comedy,,English,
November 22 2020,Dolly Parton's Christmas on the Square,Sunday,November,2020,98,5.2,Musical,Drama,English,
November 27 2020,The Beast,Friday,November,2020,99,5.2,Drama,,Italian,
February 5 2021,"Strip Down, Rise Up",Friday,February,2021,112,5.2,Documentary,,English,
May 26 2021,Ghost Lab,Wednesday,May,2021,117,5.2,Horror,,Thai,
January 13 2017,Clinical,Friday,January,2017,104,5.1,Thriller,,English,
April 20 2018,Dude,Friday,April,2018,97,5.1,Comedy,,English,
April 3 2020,Coffee & Kareem,Friday,April,2020,88,5.1,Action,,English,
July 23 2020,The Larva Island Movie,Thursday,July,2020,90,5.1,Animation,,English,
October 22 2020,Cadaver,Thursday,October,2020,86,5.1,Horror,,Norwegian,
February 25 2021,Geez & Ann,Thursday,February,2021,105,5.1,Romance,,Indonesian,
July 15 2016,Rebirth,Friday,July,2016,100,5,Thriller,,English,
July 13 2018,How It Ends,Friday,July,2018,113,5,Action,,English,
January 23 2020,Airplane Mode,Thursday,January,2020,96,5,Comedy,,Portuguese,
October 15 2020,Love Like the Falling Rain,Thursday,October,2020,86,5,Drama,,Indonesian,
February 11 2021,Squared Love,Thursday,February,2021,102,5,Romance,,Polish,
November 28 2019,Holiday Rush,Thursday,November,2019,94,4.9,Family,,English,
April 17 2020,Earth and Blood,Friday,April,2020,80,4.9,Action,,French,
August 14 2020,Fearless,Friday,August,2020,89,4.9,Animation,,English,
October 30 2020,The Day of the Lord,Friday,October,2020,93,4.9,Drama,,Spanish,
December 11 2015,The Ridiculous 6,Friday,December,2015,119,4.8,Western,,English,
January 6 2017,Coin Heist,Friday,January,2017,97,4.8,Thriller,,English,
January 20 2017,Take the 10,Friday,January,2017,80,4.8,Comedy,,English,
April 10 2020,The Main Event,Friday,April,2020,101,4.8,Comedy,,English,
May 1 2020,Mrs. Serial Killer,Friday,May,2020,106,4.8,Thriller,,Hindi,
October 28 2020,Nobody Sleeps in the Woods Tonight,Wednesday,October,2020,103,4.8,Horror,,Polish,
December 4 2020,Christmas Crossfire,Friday,December,2020,106,4.8,Thriller,,German,
January 18 2019,IO,Friday,January,2019,95,4.7,SciFi,Drama,English,
October 2 2020,The Binding,Friday,October,2020,93,4.7,Drama,,Italian,
November 30 2020,Finding Agnes,Monday,November,2020,105,4.7,Drama,,Filipino,
December 25 2020,We Can Be Heroes,Friday,December,2020,100,4.7,Action,Comedy,English,
March 5 2021,Sentinelle,Friday,March,2021,80,4.7,Action,,French,
October 28 2016,I Am the Pretty Thing That Lives in the House,Friday,October,2016,89,4.6,Horror,,English,
December 7 2018,5 Star Christmas,Friday,December,2018,95,4.6,Comedy,,Italian,
February 22 2019,Paris Is Us,Friday,February,2019,83,4.6,Romance,Drama,French,
May 24 2019,After Maria,Friday,May,2019,37,4.6,Documentary,,English,Spanish
October 25 2019,Rattlesnake,Friday,October,2019,85,4.6,Horror,,English,
December 3 2019,Porta dos Fundos: The First Temptation of Christ,Tuesday,December,2019,46,4.6,Comedy,,Portuguese,
July 14 2020,We Are One,Tuesday,July,2020,86,4.6,Documentary,,French,
July 15 2020,The Players,Wednesday,July,2020,88,4.6,Comedy,,Italian,
July 16 2020,Fatal Affair,Thursday,July,2020,89,4.5,Thriller,,English,
July 31 2020,Seriously Single,Friday,July,2020,107,4.5,Comedy,,English,
February 10 2021,The Misadventures of Hedi and Cokeman,Wednesday,February,2021,99,4.5,Comedy,,French,
April 2 2021,Just Say Yes,Friday,April,2021,97,4.5,Romance,,Dutch,
August 25 2017,Death Note,Friday,August,2017,100,4.4,Horror,Thriller,English,
July 18 2019,Secret Obsession,Thursday,July,2019,97,4.4,Thriller,,English,
August 16 2019,Sextuplets,Friday,August,2019,99,4.4,Comedy,,English,
September 13 2019,"Hello Privilege. It's Me, Chelsea",Friday,September,2019,64,4.4,Documentary,,English,
February 26 2021,The Girl on the Train,Friday,February,2021,120,4.4,Thriller,,Hindi,
April 9 2021,Thunder Force,Friday,April,2021,105,4.4,Comedy,,English,
December 19 2019,After the Raid,Thursday,December,2019,25,4.3,Documentary,,Spanish,
January 1 2020,Ghost Stories,Wednesday,January,2020,144,4.3,Horror,,Hindi,
February 21 2020,The Last Thing He Wanted,Friday,February,2020,115,4.3,Thriller,,English,
January 1 2021,What Happened to Mr. Cha?,Friday,January,2021,102,4.3,Comedy,,Korean,
November 22 2016,Mercy,Tuesday,November,2016,90,4.2,Thriller,,English,
October 1 2020,All Because of You,Thursday,October,2020,101,4.2,Action,Comedy,Malay,
September 18 2020,Whipped,Friday,September,2020,97,4.1,Romance,Comedy,Indonesian,
November 27 2020,The Call,Friday,November,2020,112,4.1,Drama,,Korean,
April 22 2021,Searching for Sheela,Thursday,April,2021,58,4.1,Documentary,,English,
May 18 2021,Sardar Ka Grandson,Tuesday,May,2021,139,4.1,Comedy,,Hindi,
March 23 2018,Paradox,Friday,March,2018,73,3.9,Musical,Fantasy,English,
June 5 2020,The Last Days of American Crime,Friday,June,2020,149,3.7,Thriller,,English,
December 4 2020,Leyla Everlasting,Friday,December,2020,112,3.7,Comedy,,Turkish,
November 1 2019,Drive,Friday,November,2019,147,3.5,Action,,Hindi,
October 30 2020,Kaali Khuhi,Friday,October,2020,90,3.4,Mystery,,Hindi,
January 19 2018,The Open House,Friday,January,2018,94,3.2,Horror,,English,
December 26 2019,The App,Thursday,December,2019,79,2.6,SciFi,Drama,Italian,
August 21 2020,Dark Forces,Friday,August,2020,81,2.6,Thriller,,Spanish,
August 5 2019,Enter the Animation,Monday,August,2019,58,2.5,Documentary,,English,Japanese